token,tag
Значит,O
вы,O
уж,O
меня,O
извините,O
в,O
туалете,O
поймаем,O
мы,O
и,O
в,O
сортире,O
их,O
замочим,O
в,O
конце,O
При,O
нём,O
Россия,B-LOC
одержала,O
победу,O
во,O
Второй,O
чеченской,O
войне,O
июня,O
года,O
регистратор,O
Центральный,B-ORG
банк,I-ORG
РСФСР,B-LOC
будущий,O
Центральный,B-ORG
банк,I-ORG
России,B-LOC
за,O
ппп,O
номер,O
лицензии,O
зарегистрировал,O
Сбербанк,B-ORG
России,B-LOC
К,O
этому,O
моменту,O
на,O
полуострове,O
работало,O
офисов,O
и,O
банкоматов,O
Помимо,O
комитета,O
по,O
внешним,O
связям,O
Путин,B-PER
руководил,O
комиссией,O
мэрии,O
по,O
оперативным,O
февраля,O
Владимир,B-PER
Владимирович,I-PER
Путин,I-PER
Владимир,B-PER
Путин,I-PER
год,O
Президент,O
России,B-LOC
с,O
мая,O
Глава,O
правительства,O
Виктор,B-PER
Зубков,I-PER
и,O
о,O
Дмитрий,B-PER
Медведев,I-PER
Михаил,B-PER
Мишустин,I-PER
с,O
Андрей,B-PER
Белоусов,I-PER
и,O
о,O
Предшественник,O
Дмитрий,B-PER
Медведев,I-PER
и,O
о,O
декабря,O
мая,O
мая,O
мая,O
Глава,O
правительства,O
Михаил,B-PER
Касьянов,I-PER
Виктор,B-PER
Христенко,I-PER
и,O
о,O
Михаил,B-PER
Фрадков,I-PER
Виктор,B-PER
Зубков,I-PER
Предшественник,O
Борис,B-PER
Ельцин,I-PER
Преемник,O
Дмитрий,B-PER
Медведев,I-PER
Председатель,O
Государственного,B-ORG
совета,I-ORG
России,B-LOC
с,O
мая,O
Предшественник,O
Дмитрий,B-PER
Медведев,I-PER
ноября,O
мая,O
Предшественник,O
должность,O
учреждена,O
Преемник,O
Дмитрий,B-PER
Медведев,I-PER
Председатель,O
правительства,O
Российской,B-LOC
Федерации,I-LOC
мая,O
мая,O
Президент,O
Дмитрий,B-PER
Медведев,I-PER
Предшественник,O
Виктор,B-PER
Зубков,I-PER
Преемник,O
Виктор,B-PER
Зубков,I-PER
и,O
о,O
Дмитрий,B-PER
Медведев,I-PER
и,O
о,O
августа,O
августа,O
мая,O
Президент,O
Борис,B-PER
Ельцинон,I-PER
сам,O
и,O
о,O
Предшественник,O
Сергей,B-PER
Степашин,I-PER
Преемник,I-PER
Михаил,B-PER
Касьянов,I-PER
Председатель,O
Совета,B-ORG
Министров,I-ORG
Союзного,B-LOC
государства,I-LOC
мая,O
июля,O
Предшественник,O
Виктор,B-PER
Зубков,I-PER
Преемник,O
Дмитрий,B-PER
Медведев,I-PER
Председатель,O
партии,O
Единая,B-ORG
Россия,I-ORG
мая,O
мая,O
Предшественник,O
Борис,B-PER
Грызлов,I-PER
Преемник,O
Дмитрий,B-PER
Медведев,I-PER
Председатель,O
Совета,B-ORG
глав,I-ORG
государств,I-ORG
СНГ,B-ORG
января,O
декабря,O
Предшественник,O
Садыр,O
Жапаров,O
Преемник,O
Эмомали,B-PER
Рахмон,I-PER
января,O
декабря,O
Предшественник,O
Алмазбек,B-PER
Атамбаев,I-PER
Преемник,I-PER
Эмомали,B-PER
Рахмон,I-PER
сентября,O
мая,O
Предшественник,O
Леонид,B-PER
Кучма,I-PER
Преемник,O
Нурсултан,B-PER
Назарбаев,I-PER
января,O
января,O
Предшественник,O
Борис,B-PER
Ельцин,I-PER
Преемник,O
Леонид,B-PER
Кучма,I-PER
Секретарь,O
Совета,B-ORG
Безопасности,I-ORG
России,B-LOC
марта,O
августа,O
Президент,O
Борис,B-PER
Ельцин,I-PER
Предшественник,O
Николай,B-PER
Бордюжа,I-PER
Преемник,I-PER
Сергей,B-PER
Иванов,I-PER
Директор,O
ФСБ,B-ORG
России,B-LOC
июля,O
августа,O
Президент,O
Борис,B-PER
Ельцин,I-PER
Предшественник,O
Николай,B-PER
Ковалёв,I-PER
Преемник,I-PER
Николай,B-PER
Патрушев,I-PER
Рождение,O
октября,O
СССР,B-LOC
Род,O
Путины,O
Отец,O
Владимир,B-PER
Спиридонович,I-PER
Путин,I-PER
Мать,O
Мария,B-PER
Ивановна,I-PER
Путина,I-PER
Супруга,O
Людмила,B-PER
Путина,I-PER
Шкребнева,B-PER
Дети,O
Мария,B-PER
Владимировна,I-PER
Воронцова,I-PER
Владимировна,B-PER
Тихонова,I-PER
Партия,B-ORG
КПСС,I-ORG
Россия,B-LOC
председатель,O
при,O
этом,O
не,O
член,O
партии,O
Образование,O
Сбербанк,B-ORG
в,O
апреле,O
года,O
объявил,O
намерение,O
инвестировать,O
в,O
Rambler,B-ORG
Group,I-ORG
Впоследствии,O
многие,O
из,O
тех,O
кто,O
вместе,O
с,O
Путиным,B-PER
работал,O
в,O
мэрии,O
Санкт,B-LOC
Петербурга,I-LOC
Сечин,I-LOC
Медведев,I-PER
Зубков,I-PER
Кудрин,I-PER
Миллер,I-PER
Греф,I-PER
Козак,I-PER
Иванов,I-PER
Нарышкин,I-PER
Мутко,I-PER
в,O
годы,O
заняли,O
ответственные,O
посты,O
в,O
правительстве,O
России,B-LOC
администрации,O
президента,O
России,B-LOC
и,O
руководстве,O
государственных,O
После,O
поражения,O
Собчака,B-PER
на,O
губернаторских,O
выборах,O
года,O
переехал,O
в,O
Москву,B-LOC
где,O
был,O
назначен,O
заместителем,O
управляющего,O
делами,O
президента,O
РФ,B-LOC
Будучи,O
премьер,O
министром,O
при,O
президенте,O
Дмитрии,B-PER
Медведеве,I-PER
Путин,B-PER
руководил,O
войной,O
с,O
Грузией,B-LOC
и,O
реформами,O
армии,O
и,O
полиции,O
Цена,O
покупки,O
составила,O
миллиона,O
долларов,O
В,O
Чехии,B-LOC
банк,O
приостановил,O
работу,O
отделений,O
после,O
попытки,O
устроить,O
погром,O
в,O
одном,O
из,O
Отец,O
Владимир,B-PER
Спиридонович,I-PER
Путин,I-PER
февраля,O
августа,O
родился,O
в,O
деревне,O
Поминово,B-LOC
Тверского,B-LOC
уезда,I-LOC
Тверской,B-LOC
в,O
годах,O
служил,O
на,O
подводном,O
участник,O
Великой,O
Отечественной,O
войны,O
призван,O
Петергофским,B-ORG
РВК,I-ORG
Ленинградской,B-LOC
области,I-LOC
В,O
обязанности,O
Путина,B-PER
как,O
зампреда,O
петербургского,O
правительства,O
входили,O
координация,O
работы,O
и,O
взаимодействие,O
мэрии,O
с,O
территориальными,O
органами,O
силовых,O
и,O
правоохранительных,O
ведомств,O
ГУВД,O
Минобороны,B-ORG
России,B-LOC
ФСБ,B-ORG
России,B-LOC
прокуратура,O
суды,O
Таможенный,B-ORG
комитет,I-ORG
а,O
также,O
политическими,O
и,O
общественными,O
организациями,O
Вскоре,O
Путин,B-PER
был,O
приглашён,O
на,O
работу,O
в,O
Москву,B-LOC
на,O
должность,O
заместителя,O
Павла,B-PER
Бородина,I-PER
управляющего,O
делами,O
президента,O
Ельцин,B-PER
и,O
его,O
олигархическое,O
окружение,O
озаботились,O
проблемой,O
своей,O
безопасности,O
и,O
сохранения,O
накопленных,O
финансов,O
после,O
ухода,O
Ельцина,B-PER
с,O
поста,O
президента,O
В,O
ней,O
используются,O
фирменные,O
голосовые,O
помощники,O
Сбербанка,B-ORG
а,O
также,O
есть,O
функция,O
управления,O
устройствами,O
умного,O
августа,O
года,O
когда,O
мэр,O
Ленинграда,B-PER
Собчак,I-PER
отказался,O
выполнять,O
распоряжения,O
ГКЧП,B-ORG
Путин,B-PER
к,O
тому,O
времени,O
работавший,O
с,O
Собчаком,B-PER
более,O
года,O
написал,O
рапорт,O
об,O
увольнении,O
из,O
КГБ,B-ORG
отставка,O
была,O
В,O
году,O
Гострудсберкассы,B-PER
были,O
реорганизованы,O
в,O
Сберегательный,B-ORG
банк,I-ORG
Его,O
руководителем,O
был,O
начальник,O
советской,O
разведгруппы,O
в,O
Восточной,B-LOC
Германии,I-LOC
представитель,O
КГБ,B-ORG
СССР,B-LOC
при,O
Министерстве,B-ORG
госбезопасности,I-ORG
ГДР,B-LOC
полковник,O
Лазарь,B-PER
Матвеев,I-PER
рассекречен,O
в,O
мае,O
года,O
в,O
возрасте,O
лет,O
С,O
года,O
занимался,O
дзюдо,O
в,O
спортивном,O
клубе,O
Турбостроитель,B-ORG
добровольного,O
спортивного,O
общества,O
Труд,B-ORG
у,O
тренеров,O
Анатолия,B-PER
Рахлина,I-PER
и,O
Леонида,B-PER
Два,O
старших,O
брата,O
умерли,O
до,O
его,O
рождения,O
Альберт,B-PER
умер,O
до,O
начала,O
Великой,O
Отечественной,O
войны,O
и,O
Виктор,B-LOC
Отец,O
Владимир,B-PER
Спиридонович,I-PER
Путин,I-PER
Мать,O
Мария,B-PER
Ивановна,I-PER
Путина,I-PER
урождённая,O
Шеломова,B-PER
Владимир,B-PER
Путин,I-PER
со,O
своей,O
матерью,O
В,O
июне,O
года,O
Сбербанк,B-ORG
получил,O
разрешение,O
Китайской,B-ORG
банковской,I-ORG
регуляторной,I-ORG
комиссии,I-ORG
на,O
открытие,O
представительства,O
в,O
Пекине,B-LOC
а,O
в,O
сентябре,O
года,O
Банк,B-ORG
России,I-ORG
зарегистрировал,O
филиал,O
ОАО,B-ORG
Сбербанк,I-ORG
России,I-ORG
в,O
Индии,B-LOC
Тема,O
дипломной,O
работы,O
Принцип,O
наиболее,O
благоприятствуемой,O
нации,O
научный,O
руководитель,O
Галенская,I-PER
кафедра,O
международного,O
Во,O
время,O
работы,O
в,O
ФСБ,B-ORG
был,O
уволен,O
действующий,O
сотрудник,O
ФСБ,B-ORG
Литвиненко,B-PER
опубликовавший,O
открытое,O
письмо,O
Березовского,B-ORG
главе,I-ORG
ФСБ,B-ORG
Сберегательный,B-ORG
банк,I-ORG
СССР,B-LOC
при,O
этом,O
продолжал,O
существовать,O
и,O
был,O
ликвидирован,O
лишь,O
января,O
года,O
год,O
Защита,O
диссертации,O
В,O
году,O
Путин,B-PER
защитил,O
диссертацию,O
на,O
соискание,O
учёной,O
степени,O
кандидата,O
экономических,O
наук,O
по,O
теме,O
Стратегическое,O
планирование,O
воспроизводства,O
минерально,O
сырьевой,O
базы,O
региона,O
в,O
условиях,O
формирования,O
рыночных,O
отношений,O
Санкт,B-LOC
Петербург,I-LOC
и,O
Ленинградская,B-LOC
в,O
Санкт,B-LOC
Петербургском,I-LOC
государственном,I-LOC
горном,I-LOC
По,O
словам,O
Юмашева,B-PER
именно,O
Чубайс,B-PER
и,O
предложил,O
ему,O
взять,O
в,O
администрацию,O
Владимира,B-PER
Путина,I-PER
сильного,O
кандидата,O
с,O
которым,O
он,O
работал,O
в,O
С,O
года,O
владельцем,O
плюс,O
акция,O
ПАО,B-ORG
Сбербанк,I-ORG
является,O
Фонд,B-ORG
национального,I-ORG
благосостояния,I-ORG
России,B-LOC
контролируемый,O
Правительством,O
остальные,O
акции,O
находятся,O
в,O
публичном,O
обращении,O
Запрос,O
Путин,B-ORG
перенаправляется,O
сюда,O
также,O
другие,O
значения,O
Информация,O
о,O
покупателе,O
и,O
сумме,O
сделки,O
не,O
В,O
январе,O
года,O
Путин,B-PER
завершил,O
командировку,O
в,O
ГДР,B-LOC
и,O
вернулся,O
в,O
не,O
указан,O
дней,O
Во,O
время,O
учёбы,O
впервые,O
встретил,O
Анатолия,B-PER
Собчака,I-PER
в,O
то,O
время,O
доцента,O
ЛГУ,B-ORG
февраля,O
Сбер,B-ORG
также,O
покинул,O
исполнительный,O
вице,O
президент,O
Давид,B-PER
Рафаловский,I-PER
который,O
курировал,O
блок,O
Технологии,O
И,O
уже,O
после,O
его,O
ликвидации,O
статьи,O
и,O
Соглашения,O
О,O
принципах,O
механизма,O
обслуживания,O
внутреннего,O
долга,O
бывшего,O
СССР,B-LOC
от,O
марта,O
года,O
устанавливали,O
что,O
обязательства,O
по,O
погашению,O
государственного,O
долга,O
бывшего,O
СССР,B-LOC
перед,O
населением,O
разделяются,O
по,O
территориальному,O
признаку,O
и,O
их,O
берут,O
на,O
себя,O
правительства,O
соответствующих,O
стран,O
СНГ,B-ORG
за,O
счёт,O
их,O
государственных,O
В,O
июне,O
года,O
Сбербанк,B-ORG
покупает,O
компании,O
ещё,O
компании,O
отходит,O
ООО,B-ORG
Холдинг,I-ORG
совместному,O
предприятию,O
Сбербанка,B-ORG
и,O
В,O
августе,O
года,O
Сбербанк,B-ORG
увеличил,O
долю,O
в,O
Rambler,B-ORG
Group,I-ORG
с,O
до,O
Звук,O
а,O
также,O
разработчик,O
биометрии,O
и,O
распознавания,O
речи,O
ЦРТ,B-ORG
разработчик,O
биометрии,O
и,O
распознавания,O
речи,O
Эвотор,B-ORG
и,O
SberCloud,B-ORG
неназванному,O
стороннему,O
покупателю,O
Москва,B-LOC
мая,O
года,O
На,O
президентских,O
выборах,O
марта,O
года,O
Путин,B-PER
одержал,O
победу,O
в,O
первом,O
туре,O
набрав,O
Летом,O
года,O
первый,O
зампред,O
правления,O
Лев,B-PER
Хасис,I-PER
объявил,O
что,O
Сбербанк,B-ORG
планирует,O
в,O
ближайшие,O
два,O
года,O
сократить,O
своё,O
присутствие,O
в,O
Европе,B-LOC
ввиду,O
геополитической,O
августа,O
года,O
Пражский,B-ORG
суд,I-ORG
вынес,O
решение,O
о,O
банкротстве,O
чешского,O
Sberbank,B-ORG
CZ,I-ORG
Дочерние,O
править,O
код,O
марта,O
года,O
стало,O
известно,O
о,O
том,O
что,O
Сбербанк,B-ORG
покупает,O
российской,O
инвестиционной,O
компании,O
Тройка,B-ORG
диалог,I-ORG
ныне,O
Sberbank,B-ORG
CIB,I-ORG
за,O
сумму,O
в,O
миллиард,O
долларов,O
К,O
моменту,O
назначения,O
считался,O
одной,O
из,O
самых,O
влиятельных,O
фигур,O
в,O
В,O
июле,O
года,O
объявили,O
о,O
приобретении,O
холдинга,O
Volksbank,B-ORG
International,I-ORG
VBI,I-ORG
восточноевропейского,O
подразделения,O
австрийской,O
банковской,O
группы,O
Österreichische,B-ORG
Volksbanken,I-ORG
AG,I-ORG
тогда,O
же,O
стало,O
известно,O
что,O
эта,O
группа,O
стала,O
одним,O
из,O
восьми,O
европейских,O
банковских,O
институтов,O
не,O
прошедших,O
стресс,O
тест,O
Европейского,B-LOC
банковского,I-LOC
Новый,O
единый,O
зонтичный,O
бренд,O
получил,O
название,O
Сбер,O
С,O
по,O
годы,O
Сбербанк,B-ORG
участвовал,O
в,O
развитии,O
российской,O
платёжной,O
системы,O
Сберкарт,O
а,O
с,O
года,O
в,O
проекте,O
создания,O
универсальной,O
электронной,O
карты,O
являясь,O
одним,O
из,O
учредителей,O
оператора,O
проекта,O
проект,O
полностью,O
свёрнут,O
января,O
Сбербанк,B-ORG
самый,O
востребованный,O
банк,O
среди,O
розничных,O
клиентов,O
его,O
услугами,O
пользуется,O
большинство,O
жителей,O
России,B-LOC
на,O
сентябрь,O
года,O
его,O
объёмы,O
розничного,O
бизнеса,O
в,O
несколько,O
раз,O
больше,O
ближайшего,O
конкурента,O
Банка,B-ORG
Владимир,B-PER
Путин,I-PER
отметил,O
что,O
устойчивое,O
положение,O
Сбербанка,B-ORG
хороший,O
сигнал,O
для,O
всей,O
финансовой,O
системы,O
страны,O
и,O
дальнейшей,O
суверенизации,O
В,O
начале,O
июня,O
года,O
на,O
территориях,O
подконтрольных,O
России,B-LOC
ДНР,B-LOC
и,O
ЛНР,B-LOC
появились,O
первые,O
банкоматы,O
Сбербанка,B-ORG
Высшая,O
школа,O
КГБ,B-ORG
В,O
июле,O
года,O
структура,O
Сбера,B-ORG
СБК,B-ORG
Баланс,I-ORG
совместно,O
с,O
АФК,B-ORG
Системой,I-ORG
приобрели,O
акций,O
аэропорта,O
Горно,B-LOC
Алтайска,I-LOC
у,O
Сибмост,B-ORG
инвест,I-ORG
в,O
долях,O
и,O
Награждён,O
медалями,O
За,O
боевые,O
заслуги,O
За,O
оборону,O
Ленинграда,O
За,O
победу,O
над,O
Германией,B-LOC
октября,O
танковые,O
подразделения,O
российской,O
армии,O
со,O
стороны,O
Ставропольского,B-LOC
края,I-LOC
и,O
Дагестана,B-LOC
вошли,O
на,O
территорию,O
Наурского,B-LOC
и,O
Шелковского,B-LOC
районов,I-LOC
Председатель,O
правительства,O
август,O
декабрь,O
См,O
также,O
Первое,O
правительство,O
Путина,B-PER
и,O
Первый,B-ORG
президентский,I-ORG
срок,I-ORG
Владимира,B-PER
Путина,I-PER
августа,O
года,O
произошло,O
вторжение,O
боевиков,O
под,O
командованием,O
Басаева,B-PER
и,O
Хаттаба,B-PER
в,O
а,O
местные,O
радикальные,O
исламисты,O
при,O
их,O
поддержке,O
объявили,O
о,O
введении,O
шариатского,O
правления,O
на,O
части,O
территории,O
Ботлихского,B-LOC
и,O
Цумадинского,B-LOC
районов,I-LOC
Сами,O
сервисы,O
были,O
крайне,O
важны,O
не,O
только,O
для,O
экосистемы,O
но,O
и,O
для,O
самого,O
Сбера,B-ORG
в,O
HGЯO,B-ORG
С,O
года,O
торги,O
акциями,O
Сбербанка,B-ORG
проводятся,O
на,O
российских,O
биржах,O
ММВБ,B-ORG
и,O
РТС,B-ORG
марта,O
года,O
Путин,B-PER
был,O
назначен,O
заместителем,O
руководителя,O
Администрации,B-ORG
президента,I-ORG
России,B-LOC
начальником,O
Главного,B-ORG
контрольного,I-ORG
управления,I-ORG
президента,O
Российской,B-LOC
Федерации,I-LOC
сменив,O
на,O
этом,O
посту,O
Алексея,B-PER
августа,O
Путин,B-PER
был,O
утверждён,O
Госдумой,B-ORG
в,O
должности,O
председателя,O
править,O
код,O
Начал,O
работать,O
сервис,O
Сбербанк,B-ORG
Онлайн,I-ORG
В,O
году,O
Путин,B-PER
возглавлял,O
региональное,O
отделение,O
партии,O
Наш,B-ORG
дом,I-ORG
не,O
указан,O
дней,O
Оба,O
бывших,O
топ,O
менеджера,O
Сбера,B-ORG
граждане,O
США,B-LOC
Соответствующую,O
дискуссию,O
можно,O
найти,O
на,O
странице,O
обсуждения,O
В,O
его,O
активах,O
был,O
контрольный,O
пакет,O
обыкновенных,O
акций,O
Сбербанка,B-ORG
акция,O
Десять,O
устройств,O
были,O
установлены,O
в,O
Донецке,B-LOC
Луганске,B-LOC
и,O
В,O
соответствии,O
с,O
приказом,O
Центрального,B-ORG
банка,I-ORG
РСФСР,B-LOC
от,O
марта,O
года,O
Сберегательный,B-ORG
банк,I-ORG
РСФСР,B-LOC
был,O
преобразован,O
в,O
Акционерный,B-ORG
коммерческий,I-ORG
Сберегательный,I-ORG
банк,I-ORG
Российской,B-LOC
Федерации,I-LOC
Сбербанк,B-ORG
России,I-ORG
АО,B-ORG
марта,O
года,O
состоялось,O
учредительное,O
собрание,O
акционеров,O
этого,O
нового,O
августа,O
президент,O
Ельцин,B-PER
назначил,O
директора,O
ФСБ,B-ORG
Путина,B-PER
первым,O
заместителем,O
и,O
исполняющим,O
обязанности,O
председателя,O
правительства,O
Российской,B-LOC
вместо,O
Сергея,B-PER
февраля,O
года,O
Сбербанк,B-ORG
объявил,O
о,O
масштабной,O
реорганизации,O
Фактически,O
руководит,O
Россией,B-LOC
согласно,O
разным,O
оценкам,O
с,O
или,O
с,O
февраля,O
года,O
Путин,B-PER
эскалировал,O
войну,O
с,O
Украиной,B-LOC
начав,O
полномасштабное,O
вторжение,O
России,B-LOC
на,O
Украину,B-LOC
что,O
вызвало,O
международное,O
осуждение,O
Ленинградский,B-ORG
государственный,I-ORG
Член,O
с,O
года,O
На,O
этом,O
посту,O
Путин,B-PER
организовал,O
и,O
возглавил,O
операцию,O
против,O
Впоследствии,O
уже,O
исполняя,O
обязанности,O
президента,O
Путин,B-PER
признал,O
что,O
продовольствие,O
было,O
поставлено,O
не,O
в,O
полном,O
объёме,O
однако,O
утверждал,O
что,O
в,O
уголовном,O
порядке,O
преследовать,O
было,O
не,O
за,O
что,O
и,O
некого,O
а,O
расследования,O
комиссия,O
Салье,B-LOC
в,O
действительности,O
не,O
Средний,O
дневной,O
объём,O
торгов,O
акциями,O
Сбербанка,B-ORG
составляет,O
объёма,O
торгов,O
на,O
Московской,B-ORG
бирже,I-ORG
В,O
апреле,O
года,O
на,O
основании,O
Федеральных,B-ORG
законов,I-ORG
и,O
от,O
марта,O
года,O
началась,O
поэтапная,O
продажа,O
ЦБ,B-ORG
РФ,B-LOC
обыкновенных,O
акций,O
Сбербанка,B-ORG
Правительству,B-ORG
России,B-LOC
По,O
итогам,O
выборов,O
в,O
Госдуму,B-ORG
поддержанное,O
Путиным,B-PER
новое,O
политическое,O
движение,O
Единство,B-ORG
набрало,O
голосов,O
заняв,O
второе,O
декабря,O
года,O
Сбербанк,B-ORG
и,O
Cetelem,B-ORG
подразделение,O
потребительского,O
кредитования,O
группы,O
BNP,B-ORG
Paribas,I-ORG
заключили,O
обязывающее,O
соглашение,O
о,O
создании,O
совместного,O
банка,O
на,O
рынке,O
кредитования,O
в,O
точках,O
продаж,O
в,O
В,O
сентябре,O
года,O
Путин,B-PER
стал,O
самым,O
долго,O
правящим,O
российским,O
лидером,O
после,O
Иосифа,B-PER
Осенью,O
года,O
Россия,B-LOC
начала,O
мобилизацию,O
и,O
аннексировала,O
оккупированные,O
ею,O
территории,O
Украины,B-LOC
В,O
октябре,O
года,O
было,O
достигнуто,O
соглашение,O
о,O
создании,O
дочернего,O
виртуального,O
оператора,O
сотовой,O
связи,O
на,O
основе,O
сети,O
На,O
этапе,O
пилотного,O
проекта,O
стартующего,O
в,O
третьем,O
квартале,O
планировалось,O
начать,O
выдачу,O
микрозаймов,O
до,O
млн,O
для,O
предпринимателей,O
в,O
Москве,B-LOC
Санкт,B-LOC
Петербурге,I-LOC
и,O
Нижнем,B-LOC
января,O
года,O
Сбербанк,B-ORG
открыл,O
головное,O
отделение,O
по,O
Республике,B-LOC
Крым,I-LOC
в,O
Симферополе,B-LOC
марта,O
года,O
Сбербанк,B-ORG
объявил,O
об,O
уходе,O
с,O
европейского,O
рынка,O
из,O
за,O
оттока,O
денежных,O
средств,O
и,O
угрозой,O
безопасности,O
сотрудников,O
Санкции,O
предусматривают,O
заморозку,O
активов,O
банка,O
и,O
введение,O
запрета,O
для,O
граждан,O
и,O
компаний,O
из,O
США,B-LOC
на,O
ведение,O
бизнеса,O
с,O
июля,O
года,O
Сбербанк,B-ORG
Телеком,I-ORG
была,O
выбрана,O
банком,O
поставщиком,O
услуг,O
связи,O
по,O
формированию,O
обработке,O
и,O
отправке,O
СМС,O
сообщений,O
своим,O
клиентам,O
стоимость,O
услуг,O
была,O
оценена,O
в,O
млн,B-ORG
ноября,O
года,O
было,O
объявлено,O
о,O
продаже,O
за,O
млн,O
евро,O
дочерних,O
банков,O
в,O
Боснии,B-LOC
и,I-LOC
Герцеговине,I-LOC
Хорватии,B-LOC
Венгрии,B-LOC
Сербии,B-LOC
и,O
Словении,B-LOC
с,O
совокупными,O
активами,O
млрд,O
евро,O
филиалами,O
и,O
около,O
клиентов,O
На,O
должности,O
директора,O
ФСБ,B-ORG
Путину,B-PER
было,O
присвоено,O
воинское,O
звание,O
Среди,O
крупнейших,O
банков,O
мира,O
по,O
размеру,O
активов,O
находится,O
в,O
шестом,O
десятке,O
по,O
версии,O
Global,I-ORG
данные,O
на,O
конец,O
Под,O
руководством,O
Путина,B-PER
в,O
России,B-LOC
произошёл,O
откат,O
от,O
демократии,O
и,O
переход,O
к,O
авторитаризму,O
и,O
диктатуре,O
В,O
мае,O
года,O
Сбер,B-ORG
продал,O
свои,O
активы,O
Okko,B-ORG
ЦРТ,B-ORG
Эвотор,B-ORG
Звук,B-ORG
и,O
в,O
рамках,O
актуализации,O
стратегии,O
В,O
рекламных,O
материалах,O
Сбербанка,B-ORG
с,O
начала,O
годов,O
дату,O
называют,O
днём,O
рождения,O
а,O
Николая,B-PER
Кристофари,I-PER
банк,O
считает,O
своим,O
первым,O
клиентом,O
и,O
держателем,O
первой,O
сберкнижки,O
его,O
памятник,O
стоит,O
у,O
головного,O
офиса,O
Сбербанка,B-ORG
в,O
Москве,B-LOC
и,O
Санкт,B-LOC
Обязательства,O
по,O
вкладам,O
открытым,O
в,O
Сбербанках,B-LOC
СССР,I-LOC
и,O
РСФСР,B-LOC
до,O
июня,O
не,O
являлись,O
долгом,O
Сбербанка,B-ORG
России,B-LOC
они,O
признаны,O
государственным,O
внутренним,O
долгом,O
ФЗ,B-ORG
О,O
восстановлении,O
и,O
защите,O
сбережений,O
граждан,O
РФ,B-LOC
от,O
и,O
подлежат,O
компенсации,O
из,O
средств,O
федерального,O
бюджета,O
сентября,O
года,O
Сбербанк,B-ORG
открыл,O
публичный,O
доступ,O
к,O
генеративному,O
чат,O
боту,O
GigaChat,B-ORG
в,O
веб,O
Во,O
время,O
первого,O
президентского,O
срока,O
Владимира,B-PER
Путина,I-PER
российская,O
экономика,O
после,O
реформ,O
и,O
пятикратного,O
повышения,O
цен,O
на,O
нефть,O
и,O
росла,O
в,O
среднем,O
на,O
в,O
В,O
июне,O
года,O
стало,O
известно,O
что,O
Сбербанк,B-ORG
окончательно,O
свернул,O
бизнес,O
в,O
странах,O
Европейского,B-LOC
союза,I-LOC
В,O
тот,O
же,O
день,O
в,O
своём,O
телеобращении,O
Ельцин,B-PER
назвал,O
Путина,B-PER
своим,O
В,O
рамках,O
реорганизации,O
Сбербанка,B-ORG
руководить,O
e,O
com,O
бизнесом,O
должен,O
был,O
Лев,B-PER
Хасис,I-PER
но,O
через,O
несколько,O
дней,O
после,O
начала,O
военных,O
действий,O
он,O
уехал,O
из,O
России,B-LOC
и,O
перестал,O
работать,O
в,O
Сбербанке,B-ORG
Своими,O
заместителями,O
Путин,B-PER
назначил,O
генералов,O
Николая,B-PER
Патрушева,I-PER
Виктора,B-PER
Черкесова,I-PER
и,O
Сергея,B-PER
Иванова,I-PER
с,O
которыми,O
был,O
знаком,O
по,O
работе,O
в,O
КГБ,B-ORG
и,O
в,O
Санкт,B-LOC
Петербурге,I-LOC
марта,O
года,O
на,O
встрече,O
с,O
президентом,O
РФ,B-LOC
Владимиром,B-PER
Путиным,I-PER
глава,O
Сбербанка,B-ORG
Герман,B-PER
Греф,I-PER
сообщил,O
о,O
том,O
что,O
период,O
когда,O
банк,O
был,O
убыточным,O
закончился,O
декабря,O
года,O
декабря,O
года,O
в,O
связи,O
с,O
досрочным,O
уходом,O
Ельцина,B-PER
в,O
отставку,O
Путин,B-PER
приступил,O
к,O
исполнению,O
обязанностей,O
В,O
рамках,O
ребрендинга,O
произошла,O
смена,O
логотипа,O
который,O
сохранил,O
элементы,O
старого,O
галочку,O
символ,O
целеустремлённости,O
круг,O
символ,O
сфокусированности,O
Работа,O
в,O
Москве,B-LOC
В,O
августе,O
года,O
после,O
поражения,O
Собчака,B-PER
на,O
губернаторских,O
выборах,O
Владимир,B-PER
Путин,I-PER
по,O
собственным,O
воспоминаниям,O
вновь,O
как,O
и,O
во,O
дни,O
августовского,O
путча,O
года,O
планировал,O
подрабатывать,O
в,O
Запросы,O
Сбербанк,B-ORG
и,O
Сбер,B-ORG
перенаправляются,O
сюда,O
также,O
другие,O
значения,O
терминов,O
Сбербанк,B-ORG
и,O
Сбер,B-PER
Председатели,O
правления,O
Сбербанка,B-ORG
править,O
код,O
Павел,B-PER
Иванович,I-PER
Жихарев,I-PER
март,O
март,O
Олег,B-PER
Владимирович,I-PER
Яшин,I-PER
март,O
январь,O
Андрей,B-PER
Ильич,I-PER
Казьмин,I-PER
январь,O
ноябрь,O
Герман,B-PER
Оскарович,I-PER
Греф,I-PER
с,O
ноября,O
года,O
по,O
настоящее,O
время,O
В,O
годах,O
учился,O
на,O
международном,O
отделении,O
юридического,O
факультета,O
ЛГУ,B-ORG
где,O
вступил,O
в,O
не,O
указан,O
дней,O
В,O
течение,O
года,O
Сбербанк,B-ORG
сделал,O
ряд,O
следующих,O
приобретений,O
на,O
этих,O
территориях,O
апреля,O
года,O
Сбербанк,B-ORG
России,B-LOC
попал,O
под,O
полные,O
блокирующие,O
санкции,O
США,B-LOC
По,O
мнению,O
писателя,O
Роя,B-PER
Медведева,I-PER
привлекая,O
к,O
работе,O
Путина,B-PER
Бородин,B-PER
учёл,O
его,O
опыт,O
в,O
международных,O
деловых,O
сентября,O
года,O
Сбер,B-PER
представил,O
GigaCode,B-ORG
В,O
планах,O
компании,O
увеличение,O
мощности,O
объекта,O
до,O
млн,O
пассажиров,O
и,O
его,O
развитие,O
до,O
статуса,O
Спустя,O
несколько,O
дней,O
приложение,O
СБОЛ,B-ORG
было,O
удалено,O
однако,O
вернулось,O
в,O
магазин,O
в,O
октябре,O
о,O
чём,O
Сбер,O
оповестил,O
своих,O
клиентов,O
через,O
Содержимое,O
этой,O
статьи,O
нуждается,O
в,O
чистке,O
Для,O
подбора,O
преемника,O
была,O
проведена,O
серия,O
смен,O
председателей,O
правительства,O
РФ,B-LOC
февраля,O
Возможно,O
эта,O
статья,O
требует,O
сокращения,O
В,O
году,O
руководство,O
банка,O
объявило,O
о,O
начале,O
экспансии,O
на,O
рынки,O
Восточной,B-LOC
Европы,I-LOC
и,O
править,O
код,O
Генеральный,O
директор,O
McDonald,B-ORG
в,O
России,B-LOC
Марк,B-PER
Карена,I-PER
и,O
первый,O
зампредправления,O
Сбербанка,B-ORG
Александр,B-PER
Ведяхин,I-PER
подписывают,O
соглашение,O
о,O
сотрудничестве,O
Филиальная,O
сеть,O
банка,O
на,O
год,O
включала,O
территориальных,O
и,O
свыше,O
отделений,O
по,O
В,O
году,O
был,O
вновь,O
избран,O
президентом,O
на,O
выборах,O
года,O
перед,O
которыми,O
срок,O
полномочий,O
был,O
увеличен,O
с,O
до,O
лет,O
и,O
переизбрался,O
в,O
году,O
В,O
июне,O
года,O
Сбербанк,B-ORG
объявил,O
о,O
крупнейшей,O
своей,O
зарубежной,O
покупке,O
достижении,O
договорённости,O
о,O
приобретении,O
турецкого,O
бизнеса,O
франко,O
бельгийской,O
группы,O
Dexia,B-ORG
банка,O
С,O
июня,O
года,O
после,O
избрания,O
Собчака,B-PER
на,O
пост,O
мэра,O
исполняющий,O
обязанности,O
председателя,O
а,O
с,O
июля,O
председатель,O
Комитета,B-ORG
по,I-ORG
внешним,I-ORG
связям,I-ORG
мэрии,I-ORG
Ленинграда,B-LOC
с,O
мая,O
года,O
Санкт,O
мая,O
У,O
этой,O
статьи,O
надо,O
проверить,O
нейтральность,O
После,O
революции,O
года,O
сберегательные,O
кассы,O
были,O
ликвидированы,O
и,O
на,O
территории,O
РСФСР,B-LOC
вновь,O
учреждены,O
постановлением,O
СНК,B-ORG
РСФСР,B-LOC
в,O
декабре,O
года,O
как,O
новые,O
учреждения,O
не,O
как,O
преемники,O
дореволюционных,O
сберкасс,O
В,O
году,O
ценность,O
бренда,O
Сбербанка,B-ORG
выросла,O
до,O
миллиарда,O
В,O
начале,O
ноября,O
года,O
Герман,B-PER
Греф,I-PER
объявил,O
о,O
восстановлении,O
прибыльности,O
Сбербанка,B-ORG
с,O
начала,O
года,O
она,O
составила,O
млрд,O
рублей,O
После,O
войны,O
мастер,O
на,O
Ленинградском,B-ORG
вагоностроительном,I-ORG
заводе,I-ORG
Егорова,I-ORG
в,O
ЗАО,B-ORG
Вагонмаш,I-ORG
мая,O
года,O
банк,O
открыл,O
первое,O
отделение,O
в,O
Крыму,B-LOC
в,O
городе,O
Ялте,B-LOC
на,O
улице,O
Советская,B-LOC
Россия,B-LOC
также,O
вмешалась,O
в,O
насильственный,O
конфликт,O
переросший,O
в,O
войну,O
в,O
Донбассе,B-LOC
января,O
года,O
Сбербанк,B-ORG
обогнал,O
по,O
объёму,O
рыночной,O
капитализации,O
Роснефть,B-ORG
став,O
в,O
моменте,O
лидером,O
российского,O
фондового,O
Отдельно,O
было,O
отмечено,O
что,O
бренд,O
Сбербанк,B-ORG
останется,O
только,O
для,O
розничных,O
финансовых,O
Сократите,O
объём,O
текста,O
в,O
соответствии,O
с,O
рекомендациями,O
правил,O
о,O
взвешенности,O
изложения,O
и,O
размере,O
статей,O
Осенью,O
года,O
провёл,O
реорганизацию,O
в,O
ФСБ,B-ORG
в,O
HGЯO,B-ORG
Сервис,O
позволяет,O
производить,O
разработку,O
и,O
автодополнение,O
программного,O
кода,O
на,O
основе,O
Кандидат,O
экономических,O
наук,O
Эти,O
обстоятельства,O
привели,O
к,O
предположениям,O
о,O
фальшивой,O
продаже,O
активов,O
с,O
целью,O
вывести,O
их,O
за,O
пределы,O
группы,O
и,O
избежать,O
попадания,O
под,O
В,O
течение,O
командировки,O
по,O
выслуге,O
лет,O
Путин,B-PER
повышен,O
в,O
звании,O
до,O
подполковника,O
и,O
в,O
должности,O
до,O
старшего,O
помощника,O
начальника,O
отдела,O
Также,O
в,O
ноябре,O
года,O
Сбербанк,B-ORG
в,O
связи,O
с,O
санкциями,O
вышел,O
из,O
актива,O
в,O
хорватской,O
компании,O
Fortenova,B-ORG
Group,I-ORG
где,O
владел,O
акций,O
являясь,O
крупнейшим,O
акционером,O
с,O
года,O
доля,O
была,O
передана,O
инвестору,O
из,O
ОАЭ,B-LOC
Саифу,B-PER
В,O
мае,O
года,O
компания,O
выпустила,O
операционную,O
систему,O
Салют,B-ORG
ТВ,I-ORG
предназначенную,O
для,O
смарт,O
телевизоров,O
В,O
сентябре,O
года,O
Сбербанк,B-ORG
также,O
купил,O
стриминговый,O
музыкальный,O
сервис,O
Zvooq,B-ORG
на,O
базе,O
которого,O
создал,O
собственный,O
музыкальный,O
сервис,O
СберЗвук,B-ORG
Её,O
основным,O
акционером,O
акций,O
является,O
компания,O
Корус,B-ORG
Консалтинг,I-ORG
СНГ,I-ORG
полностью,O
принадлежащая,O
ПАО,B-ORG
Сбербанк,I-ORG
Владимир,B-PER
Путин,I-PER
встретился,O
с,O
представителями,O
Газпрома,B-ORG
в,O
Кремле,B-LOC
В,O
октябре,O
года,O
он,O
стал,O
единственным,O
владельцем,O
холдинга,O
выкупив,O
у,O
Александра,B-PER
Мамута,I-PER
оставшиеся,O
Пожалуйста,O
улучшите,O
статью,O
в,O
соответствии,O
с,O
правилами,O
написания,O
статей,O
В,O
качестве,O
отличий,O
от,O
иностранных,O
аналогов,O
отмечаются,O
изначальная,O
способность,O
поддерживать,O
мультимодальное,O
взаимодействие,O
более,O
грамотное,O
общение,O
на,O
русском,O
языке,O
и,O
открытость,O
Рыночная,O
капитализация,O
банка,O
по,O
состоянию,O
на,O
январь,O
года,O
трлн,O
В,O
конце,O
октября,O
года,O
Сбербанк,B-ORG
подключился,O
к,O
системе,O
СБПэй,O
Банка,O
В,O
годах,O
Путин,B-PER
работал,O
в,O
по,O
линии,O
внешней,O
разведки,O
КГБ,B-ORG
Он,O
отметил,O
что,O
финансовая,O
организация,O
из,O
за,O
введённых,O
санкций,O
потеряла,O
практически,O
все,O
зарубежные,O
активы,O
кроме,O
тех,O
что,O
расположены,O
в,O
странах,O
СНГ,B-LOC
Путин,B-PER
предоставил,O
дискредитирующую,O
Скуратова,B-PER
видеозапись,O
С,O
года,O
Сбербанк,B-ORG
удерживает,O
первую,O
позицию,O
в,O
рейтинге,O
наиболее,O
дорогих,O
брендов,O
в,O
России,B-LOC
который,O
составляет,O
компания,O
Brand,B-ORG
После,O
авиаудара,O
по,O
Грозному,O
Владимир,B-PER
Путин,I-PER
произнёс,O
получившую,O
широкую,O
известность,O
фразу,O
Мы,O
будем,O
преследовать,O
террористов,O
везде,O
июля,O
года,O
Сбер,B-PER
выложил,O
в,O
открытый,O
доступ,O
языковую,O
модель,O
дообученная,O
версия,O
которой,O
лежит,O
в,O
основе,O
Сбербанк,B-ORG
Чехия,B-LOC
оставался,O
во,O
владении,O
российской,O
В,O
декабре,O
года,O
Сбербанк,B-ORG
проинформировал,O
о,O
приобретении,O
специализирующегося,O
на,O
услугах,O
private,O
banking,O
дочернего,O
банка,O
Лукойла,B-ORG
в,O
Швейцарии,B-LOC
SLB,B-ORG
В,O
году,O
был,O
награждён,O
бронзовой,O
медалью,O
За,O
заслуги,O
Национальной,B-ORG
народной,I-ORG
армии,I-ORG
ГДР,B-LOC
Летом,O
года,O
Собчак,B-PER
покинул,O
пост,O
мэра,O
проиграв,O
выборы,O
после,O
чего,O
работа,O
Путина,B-PER
в,O
мэрии,O
Санкт,B-LOC
Петербурга,I-LOC
закончилась,O
По,O
возвращении,O
в,O
Ленинград,B-LOC
работал,O
помощником,O
ректора,O
ЛГУ,B-ORG
затем,O
советником,O
председателя,O
Ленинградского,B-ORG
горсовета,I-ORG
Анатолия,B-PER
Собчака,I-PER
Петр,B-PER
Иванов,I-PER
работает,O
в,O
Яндексе,B-LOC
в,O
Москве,B-LOC
Интерес,O
к,O
проекту,O
Греф,B-PER
объяснял,O
ростом,O
тарифов,O
на,O
SMS,O
со,O
стороны,O
мобильных,O
операторов,O
С,O
года,O
Собчак,B-PER
на,O
время,O
своих,O
зарубежных,O
поездок,O
стал,O
оставлять,O
Путина,B-PER
заместителем,O
вместо,O
В,O
году,O
Ельцин,B-PER
и,O
близкие,O
олигархи,O
остановились,O
на,O
кандидатуре,O
бывшего,O
директора,O
ФСБ,B-ORG
Владимира,B-PER
Путина,I-PER
После,O
принятия,O
поправок,O
к,O
Конституции,O
РФ,B-LOC
вновь,O
избрался,O
в,O
году,O
Помимо,O
этого,O
в,O
ноябре,O
года,O
стало,O
известно,O
о,O
намерении,O
банка,O
открыть,O
филиал,O
в,O
Китае,B-LOC
помимо,O
Мать,O
Мария,B-PER
Ивановна,I-PER
Путина,I-PER
урождённая,O
Шеломова,B-PER
октября,O
июля,O
происходила,O
из,O
деревни,O
Заречье,B-LOC
Тверского,I-LOC
уезда,I-LOC
Тверской,B-LOC
губернии,I-LOC
где,O
и,O
познакомилась,O
с,O
Владимиром,B-PER
также,O
работала,O
на,O
заводе,O
пережила,O
блокаду,O
Ленинграда,B-LOC
Коллегами,O
Путина,B-PER
по,O
службе,O
в,O
Дрездене,B-LOC
были,O
в,O
частности,O
Сергей,B-PER
Чемезов,I-PER
и,O
Николай,B-PER
По,O
размеру,O
операционной,O
прибыли,O
в,O
году,O
основным,O
регионом,O
деятельности,O
банка,O
являлась,O
Россия,B-LOC
трлн,O
рублей,O
далее,O
следуют,O
Казахстан,B-LOC
млрд,O
рублей,O
Белоруссия,B-LOC
млрд,O
Украина,B-LOC
млрд,O
Швейцария,B-LOC
млрд,O
Чехия,B-LOC
млрд,O
Венгрия,B-LOC
млрд,O
Великобритания,B-LOC
млрд,O
Сербия,B-LOC
млрд,O
Словения,B-LOC
млрд,O
Босния,B-LOC
и,O
Герцеговина,B-LOC
млрд,O
Хорватия,B-LOC
млрд,O
Австрия,B-LOC
млн,O
Ирландия,B-LOC
млн,O
США,B-LOC
млн,O
деятельность,O
на,O
Кипре,B-LOC
и,O
в,O
других,O
офшорных,O
юрисдикциях,O
принесла,O
убыток,O
в,O
млрд,O
К,O
началу,O
мая,O
года,O
Ельцин,B-PER
в,O
целом,O
принял,O
решение,O
о,O
передаче,O
своей,O
власти,O
Путину,B-PER
акций,O
Sber,B-ORG
Vermögensverwaltungs,I-ORG
AG,I-ORG
in,I-ORG
Abwicklung,I-ORG
ранее,O
Sberbank,B-ORG
Europe,I-ORG
AG,I-ORG
были,O
проданы,O
австрийской,O
компании,O
контролируемой,O
Штефаном,B-PER
октября,O
Бём,B-PER
подписал,O
поздравительную,O
открытку,O
по,O
случаю,O
ПАО,B-ORG
Сбербанк,I-ORG
Сбер,I-ORG
сити,I-ORG
на,O
Кутузовском,B-LOC
проспекте,I-LOC
офис,O
Сбербанка,B-ORG
Тип,O
Публичное,B-ORG
акционерное,I-ORG
общество,I-ORG
Лицензия,I-ORG
от,O
Участие,O
в,O
ССВ,O
от,O
Листинг,B-PER
на,O
бирже,O
MCX,B-ORG
SBER,O
MCX,O
SBERP,O
LSE,O
SBER,O
Деятельность,O
Все,O
виды,O
банковской,O
деятельности,O
Год,O
основания,O
марта,O
года,O
Прежние,O
названия,O
Акционерный,B-ORG
коммерческий,I-ORG
Сберегательный,I-ORG
банк,I-ORG
Российской,O
Федерации,O
ОАО,O
Расположение,O
Россия,B-LOC
Москва,B-LOC
Ключевые,O
фигуры,O
Герман,B-PER
Греф,I-PER
президент,O
и,O
председатель,O
правления,O
Антон,B-PER
председатель,O
наблюдательного,O
совета,O
Активы,O
трлн,O
Собственный,O
капитал,O
трлн,O
Выручка,O
трлн,O
рублей,O
Операционная,O
прибыль,O
трлн,O
Чистая,O
прибыль,O
трлн,O
рублей,O
Число,O
сотрудников,O
человек,O
апрель,O
Основное,O
общество,O
Правительство,O
России,B-LOC
Дочерние,O
общества,O
Еаптека,O
Ситидрайв,B-PER
и,O
ОАО,B-ORG
Сбер,I-ORG
Аудитор,O
ООО,B-ORG
ЦАТР,I-ORG
аудиторские,O
услуги,O
Сайт,O
Медиафайлы,O
на,O
Викискладе,B-LOC
полное,O
наименование,O
Сбербанк,B-ORG
зарегистрированная,O
торговая,O
марка,O
Сбер,B-ORG
российский,O
финансовый,O
конгломерат,O
крупнейший,O
универсальный,O
банк,O
России,B-LOC
и,O
Восточной,B-LOC
Европы,I-LOC
Сумма,O
сделки,O
могла,O
составить,O
млрд,O
Слияния,O
и,O
поглощения,O
В,O
мае,O
года,O
вскоре,O
после,O
избрания,O
Собчака,B-PER
председателем,O
Ленинградского,B-ORG
городского,I-ORG
Совета,I-ORG
народных,I-ORG
депутатов,I-ORG
Путин,B-PER
стал,O
его,O
советником,O
Это,O
вторжение,O
стало,O
по,O
ряду,O
оценок,O
триггером,O
для,O
назначения,O
Путина,I-PER
на,O
пост,O
Председателя,O
Правительства,O
в,O
HGЯO,B-ORG
июля,O
года,O
по,O
предложению,O
Юмашева,B-PER
Путин,I-PER
был,O
назначен,O
директором,O
Федеральной,B-ORG
службы,I-ORG
безопасности,I-ORG
Российской,B-LOC
Однако,O
нет,O
юридической,O
преемственности,O
между,O
сберегательными,O
кассами,O
Российской,B-LOC
империи,I-LOC
Гострудсберкассами,B-LOC
Сберегательным,B-ORG
банком,I-ORG
СССР,B-LOC
и,O
Сбербанком,B-ORG
России,B-LOC
В,O
ведении,O
Путина,B-PER
находились,O
регистрационная,O
палата,O
а,O
также,O
управления,O
мэрии,O
юстиции,O
по,O
связям,O
с,O
общественностью,O
административных,O
органов,O
гостиниц,O
Также,O
Сбербанк,B-ORG
представил,O
семейство,O
виртуальных,O
ассистентов,O
Салют,B-ORG
Афина,O
Джой,B-ORG
и,O
Директор,O
Федеральной,B-ORG
службы,I-ORG
безопасности,I-ORG
РФ,B-LOC
Владимир,B-PER
Путин,I-PER
В,O
конце,O
мая,O
года,O
Сбербанк,B-ORG
неожиданно,O
объявил,O
о,O
продаже,O
пяти,O
крупных,O
сервисов,O
из,O
своей,O
экосистемы,O
онлайн,O
кинотеатр,O
Okko,B-ORG
стриминг,O
Сбер,O
В,O
году,O
депутатской,O
рабочей,O
группой,O
Ленсовета,B-LOC
во,O
главе,O
с,O
Мариной,B-PER
Салье,I-PER
и,O
Юрием,B-PER
Гладковым,I-PER
так,O
называемой,O
комиссией,O
Салье,O
против,O
руководителя,O
комитета,O
по,O
внешнеэкономическим,O
связям,O
Путина,B-PER
было,O
выдвинуто,O
обвинение,O
в,O
махинациях,O
в,O
связи,O
с,O
программой,O
снабжения,O
Санкт,B-LOC
Петербурга,I-LOC
продовольствием,O
в,O
обмен,O
на,O
Бывший,O
вице,O
мэр,O
Петербурга,B-LOC
контр,O
адмирал,O
Вячеслав,B-PER
Щербаков,I-PER
упоминал,O
что,O
Путина,B-PER
приглашали,O
в,O
новую,O
администрацию,O
Владимира,B-PER
Яковлева,I-PER
однако,O
Путин,B-PER
по,O
свидетельству,O
Игоря,B-PER
Сечина,I-PER
счёл,O
это,O
предательством,O
и,O
наотрез,O
Рыночная,O
капитализация,O
на,O
август,O
года,O
составляла,O
триллиона,O
рублей,O
В,O
марте,O
года,O
банк,O
разместил,O
дополнительный,O
выпуск,O
обыкновенных,O
акций,O
в,O
результате,O
чего,O
уставный,O
капитал,O
увеличился,O
на,O
и,O
было,O
привлечено,O
миллиарда,O
рублей,O
Первым,O
государственным,O
актом,O
подписанным,O
Путиным,B-PER
на,O
посту,O
и,O
о,O
президента,O
РФ,B-LOC
стал,O
указ,O
О,O
гарантиях,O
президенту,O
Российской,B-LOC
Федерации,I-LOC
прекратившему,O
исполнение,O
своих,O
полномочий,O
и,O
членам,O
его,O
Также,O
в,O
июне,O
года,O
Сбер,B-ORG
представил,O
сервис,O
для,O
визуализации,O
данных,O
Навигатор,O
с,O
помощью,O
которого,O
можно,O
создавать,O
наглядные,O
дашборды,O
и,O
проводить,O
BI,O
После,O
поступил,O
в,O
среднюю,O
школу,O
спецшкола,O
с,O
химическим,O
уклоном,O
на,O
базе,O
Технологического,B-ORG
института,I-ORG
которую,O
он,O
окончил,O
в,O
году,O
Содержание,O
История,O
После,O
вторжения,O
на,O
Украину,B-LOC
с,O
февраля,O
года,O
по,O
настоящее,O
время,O
На,O
оккупированных,O
территориях,O
Украины,B-LOC
Слияния,O
и,O
поглощения,O
Глава,O
Сбербанка,B-ORG
также,O
отметил,O
что,O
кредитная,O
организация,O
вернулась,O
к,O
регулярному,O
раскрытию,O
информации,O
для,O
своих,O
Последним,O
проданным,O
активом,O
банка,O
стала,O
его,O
дочерняя,O
структура,O
в,O
Австрии,B-LOC
Также,O
в,O
августе,O
года,O
в,O
App,B-ORG
Store,I-ORG
появились,O
мобильные,O
приложения,O
СБОЛ,B-ORG
и,O
Инвестр,B-ORG
фактически,O
копирующее,O
удалённые,O
из,O
за,O
санкций,O
Сбербанк,B-ORG
Онлайн,I-ORG
и,O
СберИнвестор,B-ORG
но,O
формально,O
размещённые,O
как,O
от,O
стороннего,O
декабря,O
года,O
после,O
отставки,O
Бориса,B-PER
Ельцина,I-PER
который,O
ранее,O
назвал,O
Путина,B-PER
своим,O
преемником,O
был,O
назначен,O
исполняющим,O
обязанности,O
президента,O
После,O
увольнения,O
из,O
КГБ,B-ORG
в,O
году,O
работал,O
в,O
мэрии,O
Санкт,B-LOC
Петербурга,I-LOC
сентября,O
границы,O
Чечни,B-LOC
были,O
блокированы,O
российскими,O
войсками,O
в,O
HGЯO,B-ORG
В,O
году,O
Путин,B-PER
участвовал,O
в,O
расследовании,O
дела,O
возбуждённого,O
из,O
за,O
надписи,O
Вы,O
распинаете,O
свободу,O
но,O
душа,O
человека,O
не,O
знает,O
оков,O
которую,O
Олег,B-PER
Волков,I-PER
и,O
Юлий,B-PER
Рыбаков,I-PER
нанесли,O
на,O
Государев,O
бастион,O
Петропавловской,O
В,O
году,O
награждён,O
орденом,O
Отечественной,O
войны,O
До,O
года,O
Сбербанк,B-ORG
России,B-LOC
принадлежал,O
Центральному,B-ORG
Банку,I-ORG
России,I-ORG
Остальными,O
акционерами,O
Сбербанка,B-ORG
являются,O
более,O
юридических,O
и,O
физических,O
лиц,O
марта,O
года,O
Путин,B-PER
был,O
назначен,O
секретарём,O
Совета,B-ORG
Безопасности,I-ORG
Российской,B-LOC
Федерации,I-LOC
сохранив,O
за,O
собой,O
пост,O
директора,O
После,O
вторжения,O
на,O
Украину,B-LOC
с,O
февраля,O
года,O
по,O
настоящее,O
править,O
код,O
февраля,O
года,O
в,O
связи,O
со,O
вторжением,O
России,B-LOC
на,O
Украину,B-LOC
Сбербанк,B-ORG
России,B-LOC
попал,O
под,O
санкции,O
США,B-LOC
в,O
связи,O
с,O
которыми,O
в,O
течение,O
дней,O
американские,O
финансовые,O
институты,O
должны,O
были,O
закрыть,O
его,O
корреспондентские,O
счета,O
и,O
перестать,O
совершать,O
любые,O
транзакции,O
с,O
его,O
В,O
августе,O
года,O
полное,O
наименование,O
банка,O
изменено,O
с,O
Открытое,O
акционерное,O
общество,O
Сбербанк,B-ORG
России,I-ORG
ОАО,B-ORG
Сбербанк,I-ORG
России,I-ORG
на,O
Публичное,O
акционерное,O
общество,O
Сбербанк,B-ORG
России,I-ORG
ПАО,B-ORG
В,O
апреле,O
года,O
Сбер,B-ORG
представил,O
чат,O
бота,O
на,O
основе,O
ИИ,O
GigaChat,O
Включён,O
Банком,B-ORG
России,B-LOC
в,O
перечень,O
системно,O
значимых,O
кредитных,O
Собственники,O
и,O
править,O
код,O
Владельцем,O
плюс,O
акция,O
ПАО,B-ORG
Сбербанк,I-ORG
является,O
Фонд,B-ORG
национального,I-ORG
благосостояния,I-ORG
России,B-LOC
контролирующийся,O
Правительством,B-ORG
По,O
данным,O
главы,O
ЛНР,B-LOC
Леонида,B-PER
Пасечника,I-PER
всего,O
с,O
начала,O
работы,O
в,O
ЛНР,B-LOC
Сбербанк,B-ORG
установил,O
в,O
населённых,O
пунктах,O
региона,O
терминалов,O
и,O
банкоматов,O
на,O
январь,O
Новшеством,O
стал,O
сине,O
зелёный,O
градиент,O
который,O
показывает,O
разнообразие,O
и,O
пользу,O
для,O
клиента,O
В,O
РККА,B-ORG
с,O
июня,O
боец,O
стрелкового,O
полка,O
дивизии,O
Красной,B-ORG
армии,I-ORG
защищая,O
Невский,B-LOC
пятачок,I-LOC
был,O
тяжело,O
ранен,O
осколком,O
в,O
левую,O
голень,O
и,O
стопу,O
ноября,O
В,O
конце,O
года,O
они,O
были,O
преобразованы,O
в,O
Государственные,O
трудовые,O
сберегательные,O
кассы,O
СССР,B-LOC
После,O
пребывания,O
во,O
главе,O
Федеральной,B-ORG
службы,I-ORG
безопасности,I-ORG
РФ,B-LOC
и,O
на,O
посту,O
секретаря,O
Совета,B-ORG
Безопасности,I-ORG
в,O
августе,O
года,O
возглавил,O
правительство,O
С,O
февраля,O
года,O
банк,O
находится,O
под,O
международными,O
санкциями,O
всех,O
стран,O
Евросоюза,B-LOC
США,B-LOC
Великобритании,B-LOC
и,O
ряда,O
других,O
Эксперты,O
и,O
правозащитные,O
организации,O
критикуют,O
текущий,O
российский,O
режим,O
за,O
коррупцию,O
усиление,O
государственного,O
контроля,O
над,O
прессой,O
и,O
ограничение,O
свободы,O
печати,O
нарушение,O
прав,O
человека,O
преследование,O
заключение,O
и,O
убийство,O
политических,O
оппонентов,O
отсутствие,O
свободных,O
и,O
честных,O
Работа,O
в,O
Санкт,B-LOC
Петербурге,I-LOC
Портал,O
Политика,O
Россия,O
Статья,O
из,O
серии,O
Политическая,O
системаРоссии,O
Конституция,O
Российской,B-LOC
Федерации,I-LOC
Всенародное,O
голосование,O
о,O
принятии,O
Конституции,O
Внесение,O
поправок,O
февраль,O
июль,O
общероссийское,O
голосование,O
Основы,O
конституционного,O
строя,O
Народовластие,O
Федерализм,O
Государство,O
Социальное,O
Светское,O
Политическое,O
и,O
идеологическое,O
многообразие,O
Президент,O
Российской,B-LOC
Федерации,I-LOC
Владимир,B-PER
Путин,I-PER
Администрация,O
президента,O
Государственный,B-ORG
совет,I-ORG
Совет,B-ORG
безопасности,I-ORG
Правительство,O
Состав,O
правительства,O
Председатель,O
Правительства,B-ORG
Российской,B-LOC
Федерации,I-LOC
Михаил,B-PER
Мишустин,I-PER
Федеральное,B-ORG
собрание,I-ORG
Совет,B-ORG
Федерации,I-ORG
Сенаторы,O
Председатель,O
СФ,B-ORG
Валентина,B-PER
Матвиенко,I-PER
Государственная,B-ORG
дума,I-ORG
Депутаты,I-ORG
Госдумы,B-ORG
Председатель,O
Госдумы,B-ORG
Вячеслав,B-PER
Володин,I-PER
Судебная,O
система,O
Конституционный,B-ORG
суд,I-ORG
Верховный,B-ORG
суд,I-ORG
Прокуратура,O
Федеративное,O
устройство,O
Субъекты,B-ORG
федерации,I-ORG
Республики,B-LOC
Края,I-LOC
Области,O
Города,O
федерального,O
значения,O
Автономная,B-LOC
область,I-LOC
Автономные,B-LOC
округа,I-LOC
Главы,O
субъектов,O
федерации,O
Федеральные,O
территории,O
Выборы,O
Парламентские,O
выборы,O
Президентские,O
выборы,O
Референдумы,B-ORG
Политические,B-ORG
партии,I-ORG
Центральная,I-ORG
избирательная,I-ORG
комиссия,I-ORG
Внешняя,O
политика,O
Внутренняя,O
политика,O
Военное,O
положение,O
в,O
России,B-LOC
Гражданство,O
России,B-LOC
Оппозиция,O
Права,O
человека,O
Сепаратизм,O
Участие,O
в,O
международных,O
организациях,O
Основная,O
статья,O
Работа,O
Владимира,B-PER
Путина,I-PER
в,O
органах,O
власти,O
Ленинграда,B-LOC
и,O
Санкт,B-LOC
Петербурга,I-LOC
С,O
начала,O
весны,O
года,O
основным,O
официальным,O
местом,O
работы,O
Путина,B-PER
был,O
Ленинградский,B-ORG
государственный,I-ORG
университет,I-ORG
в,O
котором,O
он,O
стал,O
помощником,O
ректора,O
Станислава,B-PER
Меркурьева,I-PER
по,O
международным,O
вопросам,O
Сообщается,O
что,O
нейросеть,O
обучалась,O
на,O
суперкомпьютере,O
Christofari,B-ORG
Neo,I-ORG
В,O
году,O
сотрудники,O
Брукингского,B-ORG
института,I-ORG
Вашингтона,B-LOC
Клиффорд,B-PER
Гэдди,I-PER
и,O
Игорь,B-PER
Данченко,I-PER
обвинили,O
Путина,B-PER
в,O
плагиате,O
копировании,O
или,O
незначительном,O
видоизменении,O
фрагментов,O
статьи,O
Стратегическое,O
планирование,O
и,O
политика,O
профессоров,O
Уильяма,B-PER
Кинга,I-PER
и,O
Дэвида,B-PER
Клиланда,I-PER
опубликованной,O
в,O
После,O
года,O
работал,O
по,O
линии,O
контрразведки,O
в,O
следственном,O
отделе,O
Управления,B-ORG
КГБ,B-ORG
СССР,B-LOC
по,O
Ленинграду,B-LOC
и,O
Ленинградской,B-LOC
области,I-LOC
По,O
его,O
словам,O
банк,O
сформировал,O
резервы,O
по,O
всем,O
проблемным,O
направлениям,O
и,O
начал,O
функционировать,O
в,O
обычном,O
режиме,O
января,O
года,O
произведена,O
реорганизация,O
в,O
результате,O
которой,O
региональных,O
банков,O
Сбербанка,B-ORG
России,I-ORG
объединились,O
в,O
территориальных,O
Содержание,O
Ранние,O
годы,O
и,O
образование,O
Карьера,O
в,O
КГБ,B-ORG
и,O
начало,O
государственной,O
службы,O
Служба,O
в,O
КГБ,B-ORG
СССР,B-LOC
Работа,O
в,O
Санкт,B-LOC
Петербурге,I-LOC
Работа,O
в,O
Москве,B-LOC
Защита,O
диссертации,O
Приход,O
к,O
власти,O
Председатель,O
правительства,O
август,O
декабрь,O
Исполняющий,O
обязанности,O
президента,O
декабря,O
мая,O
Первый,O
и,O
второй,O
президентские,O
сроки,O
Вторая,O
чеченская,O
война,O
Борьба,O
с,O
терроризмом,O
на,O
Северном,B-LOC
Кавказе,I-LOC
Реформирование,O
политической,O
системы,O
Кадровая,O
политика,O
Реформирование,O
правоохранительной,O
системы,O
Критика,O
Положение,O
СМИ,B-ORG
Гибель,O
подводной,O
лодки,O
Курск,O
Экономическое,O
развитие,O
Критические,O
оценки,O
Взаимоотношения,O
власти,O
и,O
крупного,O
бизнеса,O
Внешняя,O
политика,O
Отношения,B-LOC
с,O
Украиной,B-LOC
Оценки,O
периода,O
годов,O
Председатель,O
правительства,O
Внешняя,O
политика,O
Президентские,O
выборы,O
Третий,O
четвёртый,O
и,O
пятый,O
президентские,O
сроки,O
с,O
Изменение,O
Конституции,O
Социально,O
экономическая,O
политика,O
Пенсионная,O
реформа,O
с,O
Пандемия,O
коронавируса,O
Внешняя,O
политика,O
с,O
США,B-LOC
Сирийский,O
кризис,O
Турция,B-LOC
Постсоветские,O
страны,O
Международные,O
форумы,O
КНР,B-LOC
Азиатско,B-LOC
Тихоокеанский,I-LOC
регион,I-LOC
АТР,I-LOC
Отношения,O
с,O
крупными,O
российскими,O
предпринимателями,O
Отношения,O
с,O
Украиной,B-LOC
с,O
Захват,O
Крыма,B-LOC
и,O
война,O
на,O
востоке,O
Украины,B-LOC
Вторжение,O
России,B-LOC
на,O
Украину,B-LOC
Вооружённый,O
мятеж,O
Президентские,O
выборы,O
года,O
Внутренняя,O
политика,O
Динамика,O
поддержки,O
Путина,B-PER
Коррупция,O
в,O
России,B-LOC
Митинги,O
и,O
протесты,O
Протестные,O
настроения,O
Протестные,O
настроения,O
после,O
года,O
Преследование,O
оппонентов,O
покушения,O
по,O
политическим,O
мотивам,O
Обвинения,O
в,O
причастности,O
к,O
убийству,O
Александра,B-PER
Литвиненко,I-PER
Отравление,O
Скрипалей,B-PER
Отравление,O
Алексея,B-PER
Навального,I-PER
Имиджевые,O
акции,O
Внешняя,O
политика,O
После,O
вторжения,O
на,O
Украину,B-LOC
Критика,O
Расследование,O
в,O
отношении,O
Дворца,B-ORG
Путина,I-ORG
под,O
Геленджиком,B-LOC
Исторические,O
аналогии,O
Аналогии,O
с,O
Гитлером,B-PER
Аналогии,O
с,O
Николаем,B-PER
I,I-PER
Аналогии,O
со,O
Сталиным,B-PER
Уголовное,O
преследование,O
Мировоззрение,O
политические,O
взгляды,O
отношение,O
к,O
религии,O
Мировоззрение,O
Отношение,O
к,O
российской,O
и,O
советской,O
истории,O
Отношение,O
к,O
религии,O
Публичный,O
образ,O
Увлечения,O
Личная,O
жизнь,O
Семья,O
Дети,O
и,O
внуки,O
Родственники,O
Сообщения,O
о,O
неофициальной,O
семье,O
Сведения,O
о,O
доходах,O
Состояние,O
здоровья,O
Резиденции,O
и,O
служебный,O
транспорт,O
Путин,B-PER
в,O
культуре,O
В,O
филателии,O
Фильмография,O
Награды,O
Воинское,O
звание,O
и,O
классный,O
чин,O
Библиография,O
Примечания,O
Комментарии,O
Источники,O
Литература,O
Ссылки,O
Внешние,O
изображения,O
Владимир,B-PER
Путин,I-PER
с,O
родителями,O
перед,O
отъездом,O
в,O
ГДР,B-LOC
год,O
Ранние,O
годы,O
и,O
образование,O
Владимир,B-PER
Путин,I-PER
с,O
портретом,O
отца,O
фронтовика,O
на,O
шествии,O
Бессмертного,B-ORG
полка,I-ORG
в,O
Москве,B-LOC
мая,O
года,O
Основная,O
статья,O
Семья,O
Владимира,B-PER
Путина,I-PER
Внешние,O
изображения,O
Владимир,B-PER
Путин,I-PER
с,O
родителями,O
перед,O
отъездом,O
в,O
ГДР,B-LOC
год,O
Родился,O
октября,O
года,O
в,O
Ленинграде,B-LOC
в,O
родильном,O
доме,O
Снегирёва,O
на,O
улице,O
Маяковского,B-LOC
Она,O
умеет,O
отвечать,O
на,O
вопросы,O
поддерживать,O
диалог,O
с,O
пользователем,O
писать,O
программный,O
код,O
и,O
генерировать,O
тексты,O
и,O
картинки,O
на,O
основе,O
описаний,O
в,O
рамках,O
единого,O
контекста,O
Поступок,O
Путина,B-PER
вызвал,O
в,O
Кремле,B-LOC
глубокую,O
признательность,O
так,O
по,O
мнению,O
Юмашева,B-PER
этот,O
эпизод,O
повлиял,O
на,O
выбор,O
Путина,B-PER
в,O
качестве,O
преемника,O
В,O
году,O
Владимир,B-PER
Путин,I-PER
подписал,O
аналогичный,O
федеральный,O
Научным,O
руководителем,O
работы,O
был,O
доктор,O
экономических,O
наук,O
профессор,O
Владимир,B-PER
Федосеев,I-PER
известный,O
специалист,O
в,O
области,O
экономики,O
минерального,O
Находится,O
под,O
ними,O
до,O
сих,O
пор,O
в,O
чёрном,O
списке,O
Управления,B-ORG
по,I-ORG
контролю,I-ORG
за,I-ORG
иностранными,I-ORG
активами,I-ORG
OFAC,I-ORG
Впервые,O
был,O
избран,O
президентом,O
в,O
марте,O
года,O
а,O
затем,O
переизбирался,O
в,O
году,O
Соответствующую,O
дискуссию,O
можно,O
найти,O
на,O
странице,O
обсуждения,O
В,O
феврале,O
года,O
проведено,O
масштабное,O
размещение,O
акций,O
банка,O
известное,O
как,O
народное,O
IPO,O
в,O
ходе,O
него,O
многие,O
сотрудники,O
Сбербанка,B-ORG
принуждались,O
руководством,O
к,O
приобретению,O
этих,O
августа,O
на,O
встрече,O
с,O
Путиным,B-PER
Ельцин,B-PER
сообщил,O
о,O
том,O
что,O
хочет,O
назначить,O
его,O
председателем,O
правительства,O
В,O
сентябре,O
года,O
в,O
России,B-LOC
произошла,O
серия,O
террористических,O
актов,O
взрывы,O
жилых,O
домов,O
в,O
Буйнакске,B-LOC
Москве,B-LOC
на,O
улице,O
Гурьянова,B-LOC
и,O
на,O
Каширском,B-LOC
шоссе,I-LOC
и,O
Волгодонске,B-LOC
жертвами,O
которых,O
стали,O
более,O
Майор,O
Путин,B-PER
поддерживал,O
постоянную,O
служебную,O
связь,O
с,O
начальником,O
Дрезденского,B-ORG
окружного,I-ORG
управления,I-ORG
МГБ,B-ORG
ГДР,B-LOC
генерал,O
майором,O
Хорстом,B-PER
Бёмом,I-PER
Правление,O
Путина,B-PER
характеризуется,O
усилением,O
центральной,O
и,O
президентской,O
власти,O
июля,O
Российский,B-ORG
республиканский,I-ORG
банк,I-ORG
Сберегательного,B-ORG
банка,I-ORG
СССР,B-LOC
был,O
преобразован,O
в,O
Сберегательный,B-ORG
банк,I-ORG
РСФСР,B-LOC
постановление,O
Верховного,B-ORG
Совета,I-ORG
РСФСР,B-LOC
от,O
О,O
Государственном,B-ORG
банке,I-ORG
РСФСР,B-LOC
и,O
банках,O
на,O
территории,O
объявлен,O
собственностью,O
РСФСР,B-LOC
и,O
передан,O
в,O
ведение,O
Центрального,B-ORG
банка,I-ORG
В,O
годах,O
Путин,B-PER
в,O
числе,O
реформистски,O
настроенных,O
политических,O
активистов,O
проходил,O
тренинг,O
по,O
программе,O
американского,O
Национального,B-ORG
демократического,I-ORG
института,I-ORG
международных,I-ORG
отношений,I-ORG
англ,I-ORG
National,I-ORG
Democratic,I-ORG
Institute,I-ORG
for,I-ORG
International,I-ORG
Affairs,I-ORG
В,O
апреле,O
года,O
Сбер,B-ORG
стал,O
единственным,O
владельцем,O
аэропорта,O
Горно,B-LOC
Алтайска,I-LOC
выкупив,O
акций,O
у,O
АФК,B-ORG
Система,I-ORG
В,O
январе,O
года,O
Сбербанк,B-ORG
объявил,O
о,O
решении,O
купить,O
российское,O
подразделение,O
ретейлера,O
Stockmann,B-ORG
который,O
после,O
завершения,O
сделки,O
станет,O
fashion,O
оператором,O
маркетплейса,O
К,O
концу,O
года,O
у,O
Сбербанка,B-ORG
было,O
млн,O
активных,O
частных,O
клиентов,O
и,O
млн,O
активных,O
корпоративных,O
С,O
июня,O
года,O
отключён,O
от,O
В,O
октябре,O
года,O
появилась,O
информация,O
о,O
приобретении,O
Сбером,B-ORG
образовательных,O
платформ,O
Нетология,B-PER
и,O
Фоксфорд,B-PER
До,O
июня,O
того,O
же,O
года,O
он,O
собирался,O
выделить,O
экосистемы,O
для,O
бизнеса,O
и,O
для,O
клиентов,O
в,O
отдельные,O
структуры,O
а,O
ключевую,O
для,O
группы,O
электронную,O
коммерцию,O
в,O
отдельный,O
холдинг,O
куда,O
вошли,O
бы,O
СберМаркет,B-ORG
СберМегаМаркет,B-ORG
СберЛогистика,B-ORG
и,O
доля,O
в,O
СП,B-ORG
с,O
VK,O
Ситимобил,O
Delivery,B-ORG
Club,I-ORG
Самокат,O
В,O
марте,O
года,O
Путин,B-PER
был,O
назначен,O
первым,O
заместителем,O
председателя,O
правительства,O
Санкт,B-LOC
Петербурга,I-LOC
сохранив,O
за,O
собой,O
должность,O
руководителя,O
комитета,O
по,O
внешним,O
В,O
годах,O
Путин,B-PER
учился,O
в,O
школе,O
восьмилетке,O
В,O
числе,O
других,O
ленинградских,O
спортсменов,O
принимал,O
участие,O
в,O
съёмках,O
на,O
Ленфильме,B-ORG
в,O
качестве,O
каскадёра,O
снимался,O
в,O
военной,O
драме,O
Ижорский,O
батальон,O
и,O
эпопее,O
Переход,O
права,O
собственности,O
на,O
Сбербанк,B-ORG
от,O
Банка,B-ORG
России,I-ORG
к,O
Минфину,B-ORG
РФ,B-LOC
сопровождался,O
заключением,O
сделки,O
в,O
трлн,O
млрд,O
декабря,O
года,O
Борис,B-PER
Ельцин,I-PER
в,O
своём,O
новогоднем,O
обращении,O
объявил,O
о,O
досрочном,O
уходе,O
в,O
отставку,O
и,O
назначении,O
на,O
пост,O
исполняющего,O
обязанности,O
президента,O
премьер,O
министра,O
Владимира,B-PER
Указ,O
предоставлял,O
бывшим,O
российским,O
президентам,O
на,O
тот,O
момент,O
таким,O
был,O
только,O
Ельцин,B-PER
гарантии,O
неприкосновенности,O
и,O
другие,O
преференции,O
мая,O
года,O
по,O
инициативе,O
Юмашева,B-PER
Путин,I-PER
был,O
назначен,O
его,O
первым,O
заместителем,O
в,O
Администрации,B-LOC
ответственным,O
за,O
работу,O
с,O
регионами,O
Публично,O
сумма,O
сделки,O
не,O
раскрывалась,O
по,O
её,O
итогу,O
банк,O
получил,O
в,O
Имущество,O
банка,O
будет,O
продано,O
для,O
погашения,O
задолженности,O
в,O
млрд,O
крон,O
млрд,O
Приход,O
к,O
власти,O
Основная,O
статья,O
Приход,B-PER
Путина,I-PER
к,O
властиВ,O
ноябре,O
года,O
Путин,B-PER
организовал,O
отъезд,O
во,O
Францию,B-LOC
к,O
тому,O
времени,O
проходившего,O
по,O
уголовному,O
делу,O
о,O
злоупотреблениях,O
в,O
мэрии,O
Санкт,B-LOC
Был,O
крещён,O
в,O
Спасо,B-LOC
Преображенском,I-LOC
не,O
указан,O
дней,O
сентября,O
года,O
было,O
объявлено,O
о,O
ребрендинге,O
Сбербанка,B-ORG
Ранее,O
контрольный,O
пакет,O
акций,O
принадлежал,O
Банку,B-ORG
Согласно,O
собственному,O
ответу,O
во,O
время,O
переписи,O
населения,O
русский,O
по,O
национальной,O
Ранее,O
занимал,O
должность,O
президента,O
с,O
мая,O
по,O
мая,O
года,O
также,O
в,O
и,O
годах,O
занимал,O
должность,O
председателя,O
правительства,O
Российской,B-LOC
Федерации,I-LOC
Дочерние,O
банки,O
Сбербанка,B-ORG
работают,O
в,O
Казахстане,B-LOC
и,O
Выступление,O
на,O
торжественном,O
приёме,O
по,O
случаю,O
вступления,O
в,O
должность,O
президента,O
России,B-LOC
в,O
Государственном,B-LOC
Кремлёвском,I-LOC
дворце,I-LOC
Здесь,O
он,O
курировал,O
юридическое,O
управление,O
и,O
управление,O
российской,O
заграничной,O
Окончательное,O
соглашение,O
о,O
сделке,O
которую,O
планировалось,O
завершить,O
до,O
конца,O
года,O
и,O
которая,O
оценивалась,O
в,O
сумму,O
млн,O
евро,O
было,O
подписано,O
в,O
сентябре,O
Меркурьев,B-PER
позже,O
рекомендовал,O
Путина,B-PER
Собчаку,O
как,O
исполнительного,O
в,O
HGЯO,B-ORG
Дочерние,O
проекты,O
Собственники,O
и,O
руководство,O
Председатели,O
правления,O
Сбербанка,B-ORG
России,I-ORG
Деятельность,O
Показатели,O
деятельности,O
Производственная,O
система,O
Сбербанка,B-ORG
Государственные,O
услуги,O
Услуги,O
для,O
бизнеса,O
Брокерские,O
услуги,O
Достижения,O
Территориальные,O
банки,O
Сбербанка,B-ORG
Дочерние,O
организации,O
Оценки,O
рейтинговых,O
агентств,O
Логотип,O
и,O
смена,O
фирменного,O
стиля,O
Вклады,O
граждан,O
СССР,B-LOC
в,O
банке,O
Скандалы,O
и,O
конфликты,O
Бойкот,O
на,O
Украине,B-LOC
Санкции,O
Евросоюза,B-LOC
Конфликт,O
с,O
Транснефтью,B-ORG
Мошеннические,O
прозвоны,O
и,O
рассылки,O
Санкции,O
в,O
связи,O
с,O
вторжением,O
России,B-LOC
на,O
Украину,B-LOC
Примечания,O
Литература,O
Ссылки,O
править,O
код,O
Почтовая,O
марка,O
России,B-LOC
посвящённая,O
Сбербанка,B-ORG
В,O
своей,O
корпоративной,O
идентичности,O
рекламе,O
и,O
на,O
презентациях,O
Сбербанк,B-ORG
активно,O
использует,O
идею,O
о,O
правопреемстве,O
от,O
сберегательных,O
касс,O
России,B-LOC
учреждённых,O
российским,O
императором,O
Николаем,B-PER
I,I-PER
октября,O
ноября,O
года,O
когда,O
был,O
подписан,O
указ,O
об,O
учреждении,O
в,O
России,B-LOC
сберегательных,O
касс,O
для,O
доставления,O
через,O
то,O
средств,O
к,O
сбережению,O
верным,O
и,O
выгодным,O
Карьера,O
в,O
КГБ,B-ORG
и,O
начало,O
государственной,O
службы,O
Служба,B-ORG
в,O
КГБ,B-ORG
СССР,B-LOC
Фото,O
из,O
личного,O
дела,O
сотрудника,O
КГБ,B-ORG
В,O
году,O
окончил,O
юридический,O
факультет,O
ЛГУ,B-ORG
был,O
направлен,O
по,O
распределению,O
на,O
работу,O
в,O
Комитет,B-ORG
государственной,I-ORG
Новым,O
учредителем,O
юрлиц,O
стало,O
созданное,O
в,O
марте,O
года,O
АО,B-ORG
Новые,I-ORG
возможности,I-ORG
уставный,O
капитал,O
компании,O
тысяч,O
рублей,O
её,O
учредителем,O
и,O
гендиректором,O
при,O
регистрации,O
значилась,O
работавшая,O
в,O
году,O
оператором,O
колл,O
центра,O
сервиса,O
по,O
регистрации,O
юрлиц,O
ВТБ,B-ORG
Регистратор,I-ORG
москвичка,O
Татьяна,B-PER
Портных,I-PER
Акции,O
ПАО,B-ORG
Сбербанк,I-ORG
включены,O
в,O
котировальный,O
список,O
первого,O
уровня,O
Московской,O
В,O
аэропорту,O
в,O
аэропорту,O
Прошёл,O
курсы,O
переподготовки,O
оперативного,O
состава,O
Комитета,B-ORG
государственной,I-ORG
безопасности,I-ORG
в,O
Ленинграде,B-LOC
и,O
Москве,B-LOC
при,O
Высшей,B-ORG
школе,I-ORG
КГБ,B-ORG
СССР,B-LOC
Название,O
было,O
выбрано,O
по,O
аналогии,O
с,O
чат,O
ботом,O
GigaChat,B-ORG
однако,O
по,O
сути,O
это,O
аналог,O
GitHub,B-ORG
Copilot,I-ORG
Предполагается,O
что,O
Dexia,B-ORG
распродающая,O
свои,O
активы,O
в,O
связи,O
с,O
убытками,O
понесёнными,O
в,O
Греции,B-LOC
уступит,O
контроль,O
в,O
Denizbank,B-ORG
за,O
млрд,O
долларов,O
собственного,O
капитала,O
Путин,B-PER
публично,O
ответил,O
на,O
него,O
в,O
негативном,O
декабря,O
года,O
в,O
ряде,O
российских,O
изданий,O
была,O
опубликована,O
программная,O
статья,O
Путина,B-PER
Россия,B-LOC
на,O
рубеже,O
тысячелетий,O
в,O
которой,O
Владимир,B-PER
Путин,I-PER
изложил,O
своё,O
представление,O
о,O
прошлом,O
и,O
о,O
предстоящих,O
перед,O
страной,O
задачах,O
и,O
обозначил,O
свои,O
политические,O
приоритеты,O
патриотизм,O
державность,O
государственничество,O
социальная,O
солидарность,O
сильное,O
мая,O
года,O
была,O
зарегистрирована,O
микрокредитная,O
компания,O
Выдающиеся,B-ORG
кредиты,I-ORG
июля,O
внесённая,O
в,O
реестр,O
ЦБ,B-ORG
править,O
код,O
Два,O
банкомата,O
Сбербанка,B-ORG
в,O
Екатеринбурге,B-LOC
с,O
новым,O
логотипом,O
и,O
со,O
старым,O
логотипом,O
января,O
года,O
В,O
июне,O
года,O
Сбербанк,B-ORG
зарегистрировал,O
права,O
на,O
новый,O
товарный,O
знак,O
Сбер,O
и,O
новый,O
Ребрендингом,B-PER
занималось,O
иностранное,O
агентство,O
Landor,B-ORG
Fitch,I-ORG
его,O
сумма,O
не,O
называлась,O
однако,O
на,O
одну,O
смену,O
вывесок,O
на,O
всех,O
отделениях,O
и,O
обновления,O
наружных,O
сооружений,O
потратят,O
млрд,O
Ряд,O
государств,O
ввели,O
дополнительные,O
всеобъемлющие,O
санкции,O
против,O
России,B-LOC
и,O
лично,O
против,O
Путина,B-PER
Действующий,O
президент,O
Российской,B-LOC
Федерации,I-LOC
председатель,O
Государственного,B-ORG
Совета,I-ORG
Российской,B-LOC
Федерации,I-LOC
и,O
Совета,B-ORG
Безопасности,I-ORG
Российской,B-LOC
Федерации,I-LOC
Верховный,O
главнокомандующий,O
Вооружёнными,B-ORG
силами,I-ORG
Российской,B-LOC
Федерации,I-LOC
с,O
мая,O
года,O
Сделка,O
составила,O
трлн,O
рублей,O
за,O
счёт,O
средств,O
Фонда,B-ORG
национального,I-ORG
В,O
августе,O
года,O
Сбербанк,B-ORG
подал,O
в,O
суд,O
в,O
Люксембурге,B-LOC
иски,O
против,O
решения,O
Единого,B-ORG
совета,I-ORG
по,O
разрешению,O
проблем,O
банковского,O
сектора,O
Европейского,B-LOC
союза,I-LOC
который,O
санкционировал,O
ликвидацию,O
Sberbank,B-ORG
Europe,I-ORG
в,O
Австрии,B-LOC
и,O
банкротство,O
дочерних,O
компаний,O
в,O
Хорватии,B-LOC
и,O
В,O
году,O
Ольга,B-PER
Литвиненко,I-PER
дочь,O
ректора,O
Санкт,B-ORG
Петербургского,I-ORG
горного,I-ORG
университета,I-ORG
Владимира,B-PER
Литвиненко,I-PER
заявила,O
что,O
диссертацию,O
Путину,B-PER
написал,O
её,O
За,O
время,O
нахождения,O
на,O
посту,O
главы,O
ФСБ,B-ORG
упразднил,O
управления,O
ФСБ,B-ORG
по,O
экономической,O
контрразведке,O
и,O
по,O
контрразведывательному,O
обеспечению,O
стратегических,O
объектов,O
создал,O
вместо,O
них,O
шесть,O
новых,O
По,O
словам,O
Путина,B-PER
результаты,O
проведённой,O
Главным,B-ORG
контрольным,I-ORG
управлением,I-ORG
проверки,I-ORG
связанной,O
с,O
выполнением,O
оборонного,O
заказа,O
стали,O
одной,O
из,O
причин,O
отставки,O
министра,O
обороны,O
России,B-LOC
Игоря,B-PER
Родионова,I-PER
в,O
мае,O
Доля,O
физических,O
лиц,O
в,O
уставном,O
капитале,O
банка,O
составляет,O
около,O
а,O
доля,O
иностранных,O
инвесторов,O
более,O
Краснознамённый,B-ORG
институт,I-ORG
КГБ,B-ORG
СССР,B-LOC
Учёная,O
степень,O
кандидат,O
экономических,O
наук,O
Профессия,O
юрист,O
разведчик,O
чиновник,O
политик,O
Деятельность,O
президентство,O
госслужба,O
спецслужба,O
Отношение,O
к,O
религии,O
Автограф,O
Награды,O
СССР,B-LOC
и,O
Российской,B-LOC
Федерации,I-LOC
конфессиональные,O
награды,O
спортивные,O
звания,O
Других,O
государств,O
наградное,O
оружие,O
Сайт,O
Военная,B-ORG
служба,I-ORG
Годы,I-ORG
службы,O
Принадлежность,O
СССР,B-LOC
Россия,B-LOC
Род,O
войск,O
КГБ,B-ORG
ФСБ,B-ORG
ВС,B-ORG
России,B-LOC
Звание,O
полковник,O
чин,O
действительный,O
государственный,O
советник,O
Российской,B-LOC
Федерации,I-LOC
класса,O
Командовал,O
Верховный,O
главнокомандующий,O
Вооружёнными,B-ORG
силами,I-ORG
Российской,B-PER
декабря,O
мая,O
мая,O
Сражения,O
Вторая,O
чеченская,O
войнаВойна,O
в,O
ГрузииРоссийско,B-ORG
украинская,I-ORG
войнаВоенная,O
операция,O
в,O
СирииОперация,O
ОДКБ,B-ORG
в,O
КазахстанеВторжение,B-LOC
России,I-LOC
на,O
Украину,B-LOC
Место,O
работы,O
Администрация,O
президента,O
делами,O
Президента,O
Российской,B-LOC
ФедерацииПервое,I-LOC
главное,O
управление,O
КГБ,B-ORG
СССРКГБ,B-ORG
Медиафайлы,O
на,O
Викискладе,B-LOC
Произведения,O
в,O
Викитеке,B-LOC
род,O
октября,O
Ленинград,B-LOC
СССР,B-LOC
российский,O
государственный,O
и,O
политический,O
деятель,O
править,O
код,O
марта,O
года,O
создан,O
негосударственный,O
пенсионный,O
фонд,O
Сбербанка,B-ORG
сейчас,O
Анна,B-PER
Смирнова,I-PER
посетила,O
Санкт,B-LOC
Петербург,I-LOC
и,O
Сбербанк,B-ORG
По,O
мнению,O
Путина,B-PER
этот,O
скандал,O
часть,O
депутатов,O
Ленсовета,B-PER
пыталась,O
использовать,O
для,O
воздействия,O
на,O
Собчака,B-LOC
чтобы,O
тот,O
его,O
В,O
году,O
была,O
предпринята,O
военная,O
операция,O
России,B-LOC
в,O
Сирии,B-LOC
Историки,O
и,O
политологи,O
считают,O
что,O
роль,O
Путина,B-PER
в,O
решении,O
проблемы,O
Кремля,B-LOC
со,O
Скуратовым,B-PER
стала,O
важной,O
демонстрацией,O
надёжности,O
Путина,B-PER
в,O
качестве,O
возможного,O
преемника,O
Исполняющий,O
обязанности,O
президента,O
декабря,O
мая,O
Владимир,B-PER
Путин,I-PER
руководитель,O
Администрации,B-ORG
президента,I-ORG
Александр,B-PER
Волошин,I-PER
и,O
Борис,B-PER
Ельцин,I-PER
покидающий,O
Кремль,B-LOC
В,O
конце,O
своего,O
правления,O
президент,O
Борис,B-PER
Ельцин,I-PER
и,O
его,O
окружение,O
озаботились,O
выбором,O
преемника,O
Борису,B-PER
Ельцину,I-PER
на,O
посту,O
президента,O
Всего,O
к,O
концу,O
июня,O
в,O
новых,O
регионах,O
действовали,O
точки,O
обслуживания,O
банка,O
офисов,O
на,O
площадках,O
партнёров,O
МФЦ,O
и,O
операторов,O
связи,O
в,O
ДНР,B-LOC
а,O
также,O
мобильных,O
офисов,O
с,O
банкоматами,O
в,O
ДНР,B-LOC
и,O
Июль,O
года,O
Владимир,B-PER
был,O
третьим,O
сыном,O
в,O
семье,O
Выпускник,O
юридического,O
факультета,O
Ленинградского,B-ORG
государственного,I-ORG
университета,I-ORG
ЛГУ,I-ORG
На,O
оккупированных,O
территориях,O
править,O
код,O
января,O
года,O
Сбербанк,B-ORG
объявил,O
об,O
установке,O
первых,O
банкоматов,O
в,O
аннексированном,O
Крыму,B-LOC
а,O
также,O
о,O
намерении,O
в,O
ближайшее,O
время,O
открыть,O
офисы,O
в,O
крупных,O
городах,O
После,O
вторжения,O
России,B-LOC
на,O
Украину,B-LOC
ЦБ,B-ORG
Европы,O
заявил,O
что,O
дочерняя,O
компания,O
Сбера,B-PER
Sberbank,B-ORG
Europe,I-ORG
и,O
его,O
две,O
дочерние,O
структуры,O
в,O
банковском,O
объединении,O
Sberbank,B-ORG
в,O
Хорватии,B-LOC
и,O
Sberbank,B-ORG
в,O
Словении,B-LOC
находятся,O
на,O
грани,O
После,O
выпускного,O
Владимир,B-PER
впервые,O
с,O
целью,O
поступления,O
на,O
службу,O
посетил,O
Управление,B-ORG
КГБ,B-ORG
СССР,B-LOC
по,O
Ленинграду,B-LOC
и,O
Ленинградской,B-LOC
области,I-LOC
на,O
Литейном,B-LOC
где,O
Путину,B-PER
после,O
собеседования,O
было,O
рекомендовано,O
сначала,O
получить,O
углублённое,O
гуманитарное,O
не,O
указан,O
дней,O
Тогда,O
же,O
прошёл,O
курсы,O
подготовки,O
оперативного,O
состава,O
на,O
Охте,B-LOC
школа,O
и,O
был,O
аттестован,O
младшим,O
офицером,O
старший,O
лейтенант,O
юстиции,O
в,O
системе,O
территориальных,O
органов,O
КГБ,B-ORG
Штабом,O
КБФ,O
награждена,O
медалью,O
За,O
оборону,O
Ленинграда,O
Также,O
в,O
конце,O
месяца,O
компания,O
открыла,O
тестовый,O
доступ,O
к,O
своей,O
рекламной,O
платформе,O
SberAds,B-ORG
чьей,O
особенностью,O
является,O
использование,O
наработок,O
в,O
сфере,O
генеративных,O
В,O
апреле,O
года,O
на,O
основе,O
заключения,O
комиссии,O
во,O
главе,O
с,O
Путиным,B-PER
и,O
министром,O
внутренних,O
дел,O
Сергеем,B-PER
Степашиным,I-PER
был,O
отстранён,O
от,O
должности,O
генеральный,O
прокурор,O
Юрий,B-PER
расследовавший,O
деятельность,O
окружения,O
неформально,O
координировавший,O
службы,O
безопасности,O
в,O
интересах,O
политических,O
оппонентов,O
Ельцина,B-PER
и,O
критиковавший,O
самого,O
Ельцина,B-PER
февраля,O
года,O
Сбербанк,B-ORG
объявил,O
что,O
создаёт,O
венчурный,O
фонд,O
на,O
базе,O
венчурного,O
подразделения,O
Тройки,B-ORG
Диалог,I-ORG
Тройка,O
Венчурз,O
со,O
стратегией,O
инвестирования,O
в,O
высокотехнологические,O
компании,O
и,O
проекты,O
начальные,O
инвестиции,O
составят,O
млн,O
На,O
эту,O
должность,O
его,O
пригласил,O
Валентин,B-PER
Юмашев,I-PER
возглавивший,O
Администрацию,O
президента,O
после,O
того,O
как,O
прежний,O
руководитель,O
Анатолий,B-PER
Чубайс,I-PER
перешёл,O
на,O
должность,O
первого,O
вице,O
премьера,O
в,O
правительстве,O
Виктора,B-PER
Черномырдина,I-PER
В,O
году,O
под,O
управлением,O
Путина,B-PER
Россия,B-LOC
начала,O
войну,O
с,O
Украиной,B-LOC
захватом,O
и,O
аннексией,O
принадлежащего,O
Украине,B-LOC
В,O
течение,O
лет,O
служил,O
офицером,O
внешней,O
разведки,O
КГБ,B-ORG
в,O
том,O
числе,O
лет,O
в,O
Дрездене,B-LOC
марта,O
года,O
Международным,B-ORG
уголовным,I-ORG
судом,I-ORG
в,O
Гааге,B-LOC
был,O
выдан,O
ордер,O
на,O
арест,O
Владимира,B-PER
Путина,I-PER
по,O
подозрению,O
в,O
незаконной,O
депортации,O
украинских,O
детей,O
в,O
ходе,O
вторжения,O
на,O
Украину,B-LOC
В,O
августе,O
года,O
он,O
приобрёл,O
Текст,O
содержит,O
много,O
маловажных,O
неэнциклопедичных,O
или,O
устаревших,O
подробностей,O
или,O
не,O
относящееся,O
к,O
теме,O
статьи,O
